-10.0, 1.1934635728937404
-9.99, 1.1431084754051453
-9.98, 1.0918139613213036
-9.97, 1.0395142863652473
-9.96, 0.9861393859440812
-9.950000000000001, 0.9316144291684851
-9.940000000000001, 0.8758593239248118
-9.930000000000001, 0.8187881677240905
-9.920000000000002, 0.760308628751359
-9.910000000000002, 0.7003212653107103
-9.900000000000002, 0.6387187289750791
-9.890000000000002, 0.5753849042770345
-9.880000000000003, 0.5101939227200489
-9.870000000000003, 0.4430090272437228
-9.860000000000003, 0.3736813141704083
-9.850000000000003, 0.30204825858119655
-9.840000000000003, 0.22793207923394077
-9.830000000000004, 0.15113780927199771
-9.820000000000004, 0.07145110809254263
-9.810000000000004, -0.011364262537790992
-9.800000000000004, -0.09756940397467151
-9.790000000000004, -0.1874536769392301
-9.780000000000005, -0.28133871927843623
-9.770000000000005, -0.3795831341211646
-9.760000000000005, -0.4825880270169285
-9.750000000000005, -0.5908035472730879
-9.740000000000006, -0.7047366971960729
-9.730000000000006, -0.8249606693031901
-9.720000000000006, -0.952126065969221
-9.710000000000006, -1.0869744871069194
-9.700000000000006, -1.2303550868369273
-9.690000000000007, -1.38324487448961
-9.680000000000007, -1.5467737492644646
-9.670000000000007, -1.7222557465581274
-9.660000000000007, -1.9112281429516353
-9.650000000000007, -2.1155010691213203
-9.640000000000008, -2.337220910660916
-9.630000000000008, -2.5789522434952605
-9.620000000000008, -2.8437849742858954
-9.610000000000008, -3.13547614184687
-9.600000000000009, -3.4586403579604488
-9.590000000000009, -3.8190093058197503
-9.580000000000009, -4.223791586401031
-9.57000000000001, -4.682181287691013
-9.56000000000001, -5.2060921303494165
-9.55000000000001, -5.811243431640959
-9.54000000000001, -6.5188115523813135
-9.53000000000001, -7.358023006165069
-9.52000000000001, -8.37038157901336
-9.51000000000001, -9.616871415631834
-9.50000000000001, -11.190905742944485
-9.49000000000001, -13.243187212584793
-9.480000000000011, -16.033580127996476
-9.470000000000011, -20.05180550149066
-9.460000000000012, -26.343737661521548
-9.450000000000012, -37.613919430785515
-9.440000000000012, -63.67380892219666
-9.430000000000012, -189.48909178881257
-9.420000000000012, 211.2879542405341
-9.410000000000013, 69.64874112744296
-9.400000000000013, 42.32571822990511
-9.390000000000013, 30.70808291613516
-9.380000000000013, 24.273727416601954
-9.370000000000013, 20.184005748769398
-9.360000000000014, 17.353119613940205
-9.350000000000014, 15.27608302810612
-9.340000000000014, 13.686173579315872
-9.330000000000014, 12.429236705675226
-9.320000000000014, 11.40996832037249
-9.310000000000015, 10.566278269280463
-9.300000000000015, 9.85598108012745
-9.290000000000015, 9.249411726630704
-9.280000000000015, 8.725101689948795
-9.270000000000016, 8.267131053653198
-9.260000000000016, 7.863444984210511
-9.250000000000016, 7.504747903123243
-9.240000000000016, 7.183756972777539
-9.230000000000016, 6.894685372777373
-9.220000000000017, 6.6328770456751585
-9.210000000000017, 6.394543492949829
-9.200000000000017, 6.176570792302123
-9.190000000000017, 5.976375954279776
-9.180000000000017, 5.791798478554129
-9.170000000000018, 5.621017474554327
-9.160000000000018, 5.462487506212343
-9.150000000000018, 5.314888528393829
-9.140000000000018, 5.177086293113043
-9.130000000000019, 5.048100871044921
-9.120000000000019, 4.927081328921896
-9.110000000000019, 4.813285277669792
-9.10000000000002, 4.706062152374989
-9.09000000000002, 4.6048395300939315
-9.08000000000002, 4.50911180474384
-9.07000000000002, 4.418430785491179
-9.06000000000002, 4.3323978422212015
-9.05000000000002, 4.250657316195447
-9.04000000000002, 4.172890934594081
-9.03000000000002, 4.098813114357108
-9.020000000000021, 4.028166920250316
-9.010000000000021, 3.9607206418083885
-9.000000000000021, 3.8962648322246998
-8.990000000000022, 3.8346097756535027
-8.980000000000022, 3.775583278077815
-8.970000000000022, 3.719028760790939
-8.960000000000022, 3.6648036069028773
-8.950000000000022, 3.6127777036221866
-8.940000000000023, 3.56283217826058
-8.930000000000023, 3.5148582728924134
-8.920000000000023, 3.4687563831544246
-8.910000000000023, 3.4244351734095506
-8.900000000000023, 3.38181082255781
-8.890000000000024, 3.340806345183563
-8.880000000000024, 3.3013509832055004
-8.870000000000024, 3.2633796785645677
-8.860000000000024, 3.22683259279731
-8.850000000000025, 3.1916546812040667
-8.840000000000025, 3.157795314090068
-8.830000000000025, 3.1252079333605822
-8.820000000000025, 3.093849755134868
-8.810000000000025, 3.063681488806563
-8.800000000000026, 3.0346670974265733
-8.790000000000026, 3.0067735809965366
-8.780000000000026, 2.979970773326262
-8.770000000000026, 2.9542311724906978
-8.760000000000026, 2.929529781205247
-8.750000000000027, 2.9058439657532134
-8.740000000000027, 2.883153333727445
-8.730000000000027, 2.8614396178403565
-8.720000000000027, 2.840686587055875
-8.710000000000027, 2.8208799496562174
-8.700000000000028, 2.8020072844908603
-8.690000000000028, 2.7840579761749895
-8.680000000000028, 2.7670231581564764
-8.670000000000028, 2.750895666799895
-8.660000000000029, 2.7356700057268246
-8.650000000000029, 2.7213423162749866
-8.640000000000029, 2.7079103584548605
-8.63000000000003, 2.695373494772163
-8.62000000000003, 2.683732690028403
-8.61000000000003, 2.6729905126897417
-8.60000000000003, 2.663151144232087
-8.59000000000003, 2.65422040179794
-8.58000000000003, 2.646205761937754
-8.57000000000003, 2.639116398378344
-8.56000000000003, 2.632963225100391
-8.550000000000031, 2.627758950161287
-8.540000000000031, 2.6235181392134463
-8.530000000000031, 2.6202572896051297
-8.520000000000032, 2.6179949105893376
-8.510000000000032, 2.616751625369898
-8.500000000000032, 2.6165502746140388
-8.490000000000032, 2.617416044089096
-8.480000000000032, 2.6193765970866894
-8.470000000000033, 2.6224622336962513
-8.460000000000033, 2.6267060616742524
-8.450000000000033, 2.6321441886531476
-8.440000000000033, 2.6388159407045584
-8.430000000000033, 2.646764098114946
-8.420000000000034, 2.6560351687156825
-8.410000000000034, 2.666679685014704
-8.400000000000034, 2.6787525384324757
-8.390000000000034, 2.6923133573020244
-8.380000000000035, 2.707426920802356
-8.370000000000035, 2.7241636328354057
-8.360000000000035, 2.742600046428458
-8.350000000000035, 2.762819458703931
-8.340000000000035, 2.784912576755972
-8.330000000000036, 2.8089782695881045
-8.320000000000036, 2.8351244229366785
-8.310000000000036, 2.8634689031758542
-8.300000000000036, 2.8941406482072196
-8.290000000000036, 2.9272809252821004
-8.280000000000037, 2.963044749275156
-8.270000000000037, 3.0016025186767004
-8.260000000000037, 3.0431418868323648
-8.250000000000037, 3.087869924545953
-8.240000000000038, 3.1360156173393183
-8.230000000000038, 3.187832761059049
-8.220000000000038, 3.2436033263377677
-8.210000000000038, 3.3036414141067367
-8.200000000000038, 3.368297872471729
-8.190000000000039, 3.4379657461199375
-8.180000000000039, 3.513086742243913
-8.170000000000039, 3.594158902977331
-8.16000000000004, 3.681745811109732
-8.15000000000004, 3.776487634537464
-8.14000000000004, 3.8791145008158203
-8.13000000000004, 3.990462789855915
-8.12000000000004, 4.1114950759732345
-8.11000000000004, 4.243324775857099
-8.10000000000004, 4.387246797456777
-8.09000000000004, 4.544775944326725
-8.080000000000041, 4.717695588784345
-8.070000000000041, 4.908119810468032
-8.060000000000041, 5.118573624029369
-8.050000000000042, 5.352097822594337
-8.040000000000042, 5.612387600957069
-8.030000000000042, 5.903978396270876
-8.020000000000042, 6.232498986336606
-8.010000000000042, 6.605021838226838
-8.000000000000043, 7.03055745444147
-7.990000000000043, 7.520766782520498
-7.980000000000043, 8.091012819929354
-7.970000000000043, 8.761956102537715
-7.9600000000000435, 9.56205295533732
-7.950000000000044, 10.531615246350368
-7.940000000000044, 11.729701525095642
-7.930000000000044, 13.24644721757031
-7.920000000000044, 15.226601604407273
-7.9100000000000446, 17.918273726035604
-7.900000000000045, 21.785235385757655
-7.890000000000045, 27.80630021672675
-7.880000000000045, 38.46508866185357
-7.870000000000045, 62.44715747012851
-7.860000000000046, 166.16509835911003
-7.850000000000046, -251.15781213496547
-7.840000000000046, -71.53861407818087
-7.830000000000046, -41.726272312155324
-7.8200000000000465, -29.466742708962073
-7.810000000000047, -22.787138220831515
-7.800000000000047, -18.5863964505552
-7.790000000000047, -15.702176824026305
-7.780000000000047, -13.600587934957382
-7.7700000000000475, -12.002029074029878
-7.760000000000048, -10.745902877345756
-7.750000000000048, -9.733391914538922
-7.740000000000048, -8.900357988993122
-7.730000000000048, -8.20335642423014
-7.720000000000049, -7.611913683532169
-7.710000000000049, -7.104022812716216
-7.700000000000049, -6.663394280277707
-7.690000000000049, -6.277712710243514
-7.6800000000000495, -5.937494728629827
-7.67000000000005, -5.635319344683662
-7.66000000000005, -5.36529639408111
-7.65000000000005, -5.122691276240712
-7.64000000000005, -4.9036549889307866
-7.6300000000000505, -4.705026414279955
-7.620000000000051, -4.524185361049656
-7.610000000000051, -4.358941706919175
-7.600000000000051, -4.2074507566490125
-7.590000000000051, -4.068147815602429
-7.580000000000052, -3.939697117543833
-7.570000000000052, -3.8209515199772897
-7.560000000000052, -3.7109204452466877
-7.550000000000052, -3.608744139200026
-7.540000000000052, -3.513672846414913
-7.530000000000053, -3.4250498581079616
-7.520000000000053, -3.342297583949878
-7.510000000000053, -3.2649060808860586
-7.500000000000053, -3.1924234953731565
-7.4900000000000535, -3.1244481174894827
-7.480000000000054, -3.060621681370546
-7.470000000000054, -3.0006237226816173
-7.460000000000054, -2.9441668050711067
-7.450000000000054, -2.890992442055009
-7.440000000000055, -2.84086762403492
-7.430000000000055, -2.79358182647384
-7.420000000000055, -2.7489444371681966
-7.410000000000055, -2.706782537973016
-7.400000000000055, -2.6669389687702925
-7.390000000000056, -2.629270655673849
-7.380000000000056, -2.5936471395100793
-7.370000000000056, -2.5599492966885897
-7.360000000000056, -2.5280682134107333
-7.3500000000000565, -2.4979041954430685
-7.340000000000057, -2.4693658947754638
-7.330000000000057, -2.442369536107364
-7.320000000000057, -2.416838235554697
-7.310000000000057, -2.3927013912216983
-7.3000000000000576, -2.3698941429477522
-7.290000000000058, -2.348356895107767
-7.280000000000058, -2.328034881486472
-7.270000000000058, -2.3088777891540455
-7.260000000000058, -2.2908394098715132
-7.250000000000059, -2.2738773375795187
-7.240000000000059, -2.2579526911163224
-7.230000000000059, -2.243029868847845
-7.220000000000059, -2.229076329781568
-7.2100000000000595, -2.216062392838964
-7.20000000000006, -2.2039610632993893
-7.19000000000006, -2.192747871233401
-7.18000000000006, -2.182400733560228
-7.17000000000006, -2.172899825507846
-7.1600000000000605, -2.1642274704524764
-7.150000000000061, -2.1563680405658054
-7.140000000000061, -2.1493078701501043
-7.130000000000061, -2.1430351802076775
-7.120000000000061, -2.1375400130894944
-7.110000000000062, -2.132814176413241
-7.100000000000062, -2.1288511983266565
-7.090000000000062, -2.1256462884342104
-7.080000000000062, -2.123196309680514
-7.0700000000000625, -2.121499757128362
-7.060000000000063, -2.1205567456648846
-7.050000000000063, -2.120369004419538
-7.040000000000063, -2.1209398801969703
-7.030000000000063, -2.122274347778825
-7.0200000000000635, -2.124379028787679
-7.010000000000064, -2.1272622186082724
-7.000000000000064, -2.130933921571004
-6.990000000000064, -2.135405894523312
-6.980000000000064, -2.140691699906335
-6.970000000000065, -2.1468067685848577
-6.960000000000065, -2.1537684725789203
-6.950000000000065, -2.1615962084687643
-6.940000000000065, -2.1703114927516727
-6.930000000000065, -2.179938070921777
-6.920000000000066, -2.190502037587569
-6.910000000000066, -2.202031975061333
-6.900000000000066, -2.2145591058803937
-6.890000000000066, -2.2281174649081192
-6.8800000000000665, -2.242744090030569
-6.870000000000067, -2.258479238166265
-6.860000000000067, -2.2753666214068877
-6.850000000000067, -2.293453675856358
-6.840000000000067, -2.3127918571953985
-6.830000000000068, -2.333436975023852
-6.820000000000068, -2.3554495604696846
-6.810000000000068, -2.378895287012593
-6.800000000000068, -2.403845431355502
-6.790000000000068, -2.430377399193702
-6.780000000000069, -2.4585753117439224
-6.770000000000069, -2.4885306659782893
-6.760000000000069, -2.5203430824558284
-6.750000000000069, -2.554121147692774
-6.7400000000000695, -2.589983371299624
-6.73000000000007, -2.6280592692399187
-6.72000000000007, -2.668490601544362
-6.71000000000007, -2.7114327825158853
-6.70000000000007, -2.7570564937714126
-6.690000000000071, -2.8055495425985826
-6.680000000000071, -2.857118993881482
-6.670000000000071, -2.911993641169783
-6.660000000000071, -2.970426864978373
-6.650000000000071, -3.032699968967709
-6.640000000000072, -3.09912606841028
-6.630000000000072, -3.1700546602473256
-6.620000000000072, -3.245876999789594
-6.610000000000072, -3.3270324749435396
-6.6000000000000725, -3.4140161820155406
-6.590000000000073, -3.507387984850497
-6.580000000000073, -3.607783407621925
-6.570000000000073, -3.7159268036667608
-6.560000000000073, -3.8326473870066704
-6.5500000000000735, -3.9588988609600557
-6.540000000000074, -4.095783636011643
-6.530000000000074, -4.24458294103812
-6.520000000000074, -4.406794555250144
-6.510000000000074, -4.5841805294534765
-6.500000000000075, -4.7788281150655125
-6.490000000000075, -4.993228356518855
-6.480000000000075, -5.230378664783067
-6.470000000000075, -5.493918315401724
-6.4600000000000755, -5.788309943438394
-6.450000000000076, -6.119086308756807
-6.440000000000076, -6.493191475250994
-6.430000000000076, -6.9194614447671645
-6.420000000000076, -7.409315538639144
-6.4100000000000765, -7.977774930593946
-6.400000000000077, -8.64500431467933
-6.390000000000077, -9.438719536500619
-6.380000000000077, -10.398087412595357
-6.370000000000077, -11.580320685784438
-6.360000000000078, -13.072424474385144
-6.350000000000078, -15.013490964702541
-6.340000000000078, -17.64053877286736
-6.330000000000078, -21.39310239807724
-6.320000000000078, -27.18827964446175
-6.310000000000079, -37.311219805121034
-6.300000000000079, -59.48314734344833
-6.290000000000079, -146.74632303179024
-6.280000000000079, 313.9435721272091
-6.2700000000000795, 75.85069794998967
-6.26000000000008, 43.14594913590231
-6.25000000000008, 30.155383311739325
-6.24000000000008, 23.183865622020242
-6.23000000000008, 18.836197704652747
-6.220000000000081, 15.866540531715113
-6.210000000000081, 13.709976959077348
-6.200000000000081, 12.07323198027268
-6.190000000000081, 10.78891872203656
-6.180000000000081, 9.754537689608847
-6.170000000000082, 8.903812293841202
-6.160000000000082, 8.191986290221656
-6.150000000000082, 7.587744755541926
-6.140000000000082, 7.068520224736307
-6.1300000000000825, 6.617637609480941
-6.120000000000083, 6.222508703837923
-6.110000000000083, 5.873452265692282
-6.100000000000083, 5.5629005123502715
-6.090000000000083, 5.284852200229127
-6.080000000000084, 5.034486983637593
-6.070000000000084, 4.807888531037993
-6.060000000000084, 4.601841957252155
-6.050000000000084, 4.413683379442715
-6.040000000000084, 4.241186652626975
-6.030000000000085, 4.082476882515266
-6.020000000000085, 3.935963685122401
-6.010000000000085, 3.8002891112010455
-6.000000000000085, 3.6742865744070956
-5.9900000000000855, 3.556948220386232
-5.980000000000086, 3.447398718696821
-5.970000000000086, 3.3448741023780593
-5.960000000000086, 3.248704518316232
-5.950000000000086, 3.1583000907832504
-5.9400000000000865, 3.073139253577279
-5.930000000000087, 2.9927590674384947
-5.920000000000087, 2.9167471252636954
-5.910000000000087, 2.844734777547586
-5.900000000000087, 2.776391398720113
-5.890000000000088, 2.711419533415092
-5.880000000000088, 2.649550774926356
-5.870000000000088, 2.5905422260566127
-5.860000000000088, 2.534173469455637
-5.8500000000000885, 2.480243954885913
-5.840000000000089, 2.4285707412929507
-5.830000000000089, 2.378986531541875
-5.820000000000089, 2.331337966626611
-5.810000000000089, 2.2854841340030374
-5.8000000000000895, 2.2412952531736297
-5.79000000000009, 2.198651532567031
-5.78000000000009, 2.157442150555023
-5.77000000000009, 2.1175643602935326
-5.76000000000009, 2.078922692838151
-5.750000000000091, 2.0414282515598314
-5.740000000000091, 2.004998080618825
-5.730000000000091, 1.9695546046405186
-5.720000000000091, 1.935025114443973
-5.7100000000000914, 1.90134132561598
-5.700000000000092, 1.8684389603114702
-5.690000000000092, 1.8362573829163527
-5.680000000000092, 1.804739262502061
-5.670000000000092, 1.7738302714158833
-5.6600000000000925, 1.7434788078209809
-5.650000000000093, 1.7136357433259923
-5.640000000000093, 1.684254189824542
-5.630000000000093, 1.6552892904256826
-5.620000000000093, 1.6266980189874358
-5.610000000000094, 1.5984390030371713
-5.600000000000094, 1.57047235087085
-5.590000000000094, 1.5427594973066387
-5.580000000000094, 1.5152630557949849
-5.570000000000094, 1.4879466804352648
-5.560000000000095, 1.4607749318346501
-5.550000000000095, 1.4337131583721319
-5.540000000000095, 1.4067273731259067
-5.530000000000095, 1.3797841399558095
-5.5200000000000955, 1.3528504667015133
-5.510000000000096, 1.3258936928004337
-5.500000000000096, 1.2988813897988758
-5.490000000000096, 1.2717812533881263
-5.480000000000096, 1.244561003944911
-5.470000000000097, 1.2171882828894196
-5.460000000000097, 1.1896305497129949
-5.450000000000097, 1.1618549781236327
-5.440000000000097, 1.1338283501264828
-5.430000000000097, 1.105516947344912
-5.420000000000098, 1.0768864370551015
-5.410000000000098, 1.0479017576301217
-5.400000000000098, 1.0185269961878032
-5.390000000000098, 0.9887252583959482
-5.3800000000000985, 0.9584585380622961
-5.370000000000099, 0.927687569746472
-5.360000000000099, 0.8963716758347592
-5.350000000000099, 0.8644686073678413
-5.340000000000099, 0.8319343642361532
-5.3300000000000995, 0.7987230060500208
-5.3200000000001, 0.764786450530844
-5.3100000000001, 0.7300742460246918
-5.3000000000001, 0.6945333294828301
-5.2900000000001, 0.6581077635188411
-5.280000000000101, 0.6207384421433633
-5.270000000000101, 0.5823627693059003
-5.260000000000101, 0.5429143085114825
-5.250000000000101, 0.5023223907753223
-5.2400000000001015, 0.46051167967994455
-5.230000000000102, 0.4174016920118073
-5.220000000000102, 0.3729062586644164
-5.210000000000102, 0.3269329259396485
-5.200000000000102, 0.27938228250568375
-5.1900000000001025, 0.2301472059824431
-5.180000000000103, 0.1791120084565847
-5.170000000000103, 0.12615148356696043
-5.160000000000103, 0.07112980844273009
-5.150000000000103, 0.013899315139501878
-5.140000000000104, -0.04570092016572258
-5.130000000000104, -0.10784668357138627
-5.120000000000104, -0.1727304740761067
-5.110000000000104, -0.24056362061347725
-5.1000000000001044, -0.31157873178756174
-5.090000000000105, -0.3860325365393961
-5.080000000000105, -0.4642091801605855
-5.070000000000105, -0.5464240807768678
-5.060000000000105, -0.6330284444111416
-5.0500000000001055, -0.7244145776384588
-5.040000000000106, -0.8210221897788885
-5.030000000000106, -0.9233458611559309
-5.020000000000106, -1.0319439853903156
-5.010000000000106, -1.1474495063464527
-5.000000000000107, -1.2705828964464165
-4.990000000000107, -1.4021679265160527
-4.980000000000107, -1.5431509996734796
-4.970000000000107, -1.6946249546876389
-4.960000000000107, -1.8578586622340756
-4.950000000000108, -2.034334073462291
-4.940000000000108, -2.2257930454228188
-4.930000000000108, -2.4342970787225995
-4.920000000000108, -2.662304310007742
-4.9100000000001085, -2.91276988889898
-4.900000000000109, -3.1892784527068936
-4.890000000000109, -3.4962213375242106
-4.880000000000109, -3.839037258648318
-4.870000000000109, -4.224544588278277
-4.86000000000011, -4.661408682387471
-4.85000000000011, -5.160813022290752
-4.84000000000011, -5.737445812917162
-4.83000000000011, -6.410990043418918
-4.82000000000011, -7.2084441700432995
-4.810000000000111, -8.167869520729317
-4.800000000000111, -9.344703733223541
-4.790000000000111, -10.822955490477526
-4.780000000000111, -12.736333407066926
-4.7700000000001115, -15.31138012127242
-4.760000000000112, -18.96496439522916
-4.750000000000112, -24.557300466809536
-4.740000000000112, -34.194789276517966
-4.730000000000112, -54.76810687093366
-4.7200000000001125, -129.38212767829324
-4.710000000000113, 420.5866099367353
-4.700000000000113, 82.70649224150404
-4.690000000000113, 46.64591836174677
-4.680000000000113, 32.84717246640109
-4.670000000000114, 25.554790512238323
-4.660000000000114, 21.042908995378586
-4.650000000000114, 17.974458844238388
-4.640000000000114, 15.751194863423523
-4.6300000000001145, 14.065319956028492
-4.620000000000115, 12.742297590455946
-4.610000000000115, 11.675776293900345
-4.600000000000115, 10.797255004518416
-4.590000000000115, 10.060620151790681
-4.5800000000001155, 9.433690277099066
-4.570000000000116, 8.893323797790849
-4.560000000000116, 8.422453016933597
-4.550000000000116, 8.008213893729696
-4.540000000000116, 7.640726813508162
-4.530000000000117, 7.312278425142723
-4.520000000000117, 7.0167586652240965
-4.510000000000117, 6.749264642032512
-4.500000000000117, 6.505816434247383
-4.4900000000001175, 6.283149599293643
-4.480000000000118, 6.078561208572147
-4.470000000000118, 5.889793987300708
-4.460000000000118, 5.714948070128447
-4.450000000000118, 5.5524128293395485
-4.4400000000001185, 5.400813824309397
-4.430000000000119, 5.258970935509219
-4.420000000000119, 5.125865139088038
-4.410000000000119, 5.000611855207281
-4.400000000000119, 4.882439435378366
-4.39000000000012, 4.770671608819191
-4.38000000000012, 4.664713153572832
-4.37000000000012, 4.564038017372425
-4.36000000000012, 4.468179527260846
-4.35000000000012, 4.3767221548182675
-4.340000000000121, 4.289294651186914
-4.330000000000121, 4.205564238150082
-4.320000000000121, 4.125231695326767
-4.310000000000121, 4.048027177948956
-4.3000000000001215, 3.9737066395228933
-4.290000000000122, 3.902048753965298
-4.280000000000122, 3.832852288672883
-4.270000000000122, 3.7659338050245337
-4.260000000000122, 3.7011256782463575
-4.250000000000123, 3.6382743727220226
-4.240000000000123, 3.5772389279436614
-4.230000000000123, 3.5178896387713516
-4.220000000000123, 3.4601068917434032
-4.210000000000123, 3.403780142141632
-4.200000000000124, 3.348807005507971
-4.190000000000124, 3.29509245688977
-4.180000000000124, 3.2425481099783324
-4.170000000000124, 3.191091594356165
-4.1600000000001245, 3.1406459698476104
-4.150000000000125, 3.0911392303531464
-4.140000000000125, 3.0425038365952446
-4.130000000000125, 2.994676307707919
-4.120000000000125, 2.947596852099064
-4.1100000000001256, 2.9012090225932887
-4.100000000000126, 2.8554594115967227
-4.090000000000126, 2.810297381983204
-4.080000000000126, 2.7656747984298686
-4.070000000000126, 2.7215458023061205
-4.060000000000127, 2.6778665961201016
-4.050000000000127, 2.6345952446925938
-4.040000000000127, 2.591691492148037
-4.030000000000127, 2.549116598429502
-4.0200000000001275, 2.506833164061333
-4.010000000000128, 2.464805006698955
-4.000000000000128, 2.42299699753968
-3.990000000000128, 2.3813749473689154
-3.9800000000001283, 2.339905472462619
-3.9700000000001285, 2.298555879805324
-3.9600000000001288, 2.2572940444402216
-3.950000000000129, 2.216088311177352
-3.940000000000129, 2.1749073762810354
-3.9300000000001294, 2.1337201878016714
-3.9200000000001296, 2.092495841489158
-3.91000000000013, 2.0512034742984593
-3.90000000000013, 2.0098121668369453
-3.8900000000001302, 1.9682908384640514
-3.8800000000001305, 1.9266081414201088
-3.8700000000001307, 1.8847323565977254
-3.860000000000131, 1.8426312856498601
-3.850000000000131, 1.8002721379667987
-3.8400000000001313, 1.7576214111515753
-3.8300000000001315, 1.7146447743639779
-3.8200000000001317, 1.6713069414829325
-3.810000000000132, 1.6275715291657926
-3.800000000000132, 1.5834009221991219
-3.7900000000001324, 1.5387561162892733
-3.7800000000001326, 1.4935965575894865
-3.770000000000133, 1.4478799712051345
-3.760000000000133, 1.4015621657965722
-3.7500000000001332, 1.3545968353917488
-3.7400000000001334, 1.306935334850735
-3.7300000000001337, 1.2585264384072816
-3.720000000000134, 1.2093160790535833
-3.710000000000134, 1.1592470548702993
-3.7000000000001343, 1.1082587153108123
-3.6900000000001345, 1.0562866054083662
-3.6800000000001347, 1.0032620823265377
-3.670000000000135, 0.9491118857950092
-3.660000000000135, 0.8937576546488206
-3.6500000000001354, 0.8371154010449222
-3.6400000000001356, 0.779094916306003
-3.630000000000136, 0.7195990989349084
-3.620000000000136, 0.6585232073591838
-3.610000000000136, 0.5957540269919075
-3.6000000000001364, 0.5311689048786263
-3.5900000000001366, 0.46463468853840384
-3.580000000000137, 0.3960064867257902
-3.570000000000137, 0.3251262854563777
-3.5600000000001373, 0.25182135793869653
-3.5500000000001375, 0.17590243170799935
-3.5400000000001377, 0.09716160113273986
-3.530000000000138, 0.015369895513897447
-3.520000000000138, -0.0697255158673129
-3.5100000000001383, -0.15840459073310909
-3.5000000000001386, -0.2509782117568773
-3.4900000000001388, -0.3477926469515653
-3.480000000000139, -0.4492348077399133
-3.470000000000139, -0.5557384378077108
-3.4600000000001394, -0.667791499922076
-3.4500000000001396, -0.7859449808608696
-3.44000000000014, -0.9108234722605979
-3.43000000000014, -1.0431379500143176
-3.4200000000001403, -1.1837013056093668
-3.4100000000001405, -1.3334473400199824
-3.4000000000001407, -1.4934542097681045
-3.390000000000141, -1.66497345834436
-3.380000000000141, -1.849466427128439
-3.3700000000001413, -2.0486501984543453
-3.3600000000001415, -2.2645561490988606
-3.3500000000001418, -2.499605376419777
-3.340000000000142, -2.7567069515606066
-3.330000000000142, -3.039387400918823
-3.3200000000001424, -3.3519638186406358
-3.3100000000001426, -3.6997785500063562
-3.300000000000143, -4.089522873228379
-3.290000000000143, -4.529691482729582
-3.2800000000001432, -5.031233984888088
-3.2700000000001435, -5.6085108394913465
-3.2600000000001437, -6.280733679645179
-3.250000000000144, -7.074202842827091
-3.240000000000144, -8.025909115570423
-3.2300000000001443, -9.189579782585206
-3.2200000000001445, -10.64635165735893
-3.2100000000001447, -12.524805060514211
-3.200000000000145, -15.04157807890914
-3.190000000000145, -18.59232185475955
-3.1800000000001454, -23.984745890784982
-3.1700000000001456, -33.16388484226336
-3.160000000000146, -52.30142388761631
-3.150000000000146, -116.93235152613914
-3.1400000000001462, 629.8807731981525
-3.1300000000001464, 88.24613777101717
-3.1200000000001467, 48.28349202699624
-3.110000000000147, 33.6113084391928
-3.100000000000147, 25.98812658830533
-3.0900000000001473, 21.315166514136884
-3.0800000000001475, 18.155512544210502
-3.0700000000001477, 15.875077941837812
-3.060000000000148, 14.150631514599748
-3.050000000000148, 12.800102889820636
-3.0400000000001484, 11.713108705285395
-3.0300000000001486, 10.818832630918186
-3.020000000000149, 10.06975512169086
-3.010000000000149, 9.432801510966236
-3.000000000000149, 8.884241206638194
-2.9900000000001494, 8.406605777509638
-2.9800000000001496, 7.986751273257388
-2.97000000000015, 7.6145981749799265
-2.96000000000015, 7.282287625080689
-2.9500000000001503, 6.983601955663561
-2.9400000000001505, 6.713557583427872
-2.9300000000001507, 6.468113468979828
-2.920000000000151, 6.243958427260798
-2.910000000000151, 6.038353571121189
-2.9000000000001513, 5.849013876325488
-2.8900000000001516, 5.674018024920533
-2.8800000000001518, 5.511738869488882
-2.870000000000152, 5.360789303904553
-2.860000000000152, 5.219979668937077
-2.8500000000001524, 5.088283876219585
-2.8400000000001526, 4.964812342189363
-2.830000000000153, 4.848790076671354
-2.820000000000153, 4.739538881255541
-2.8100000000001533, 4.636462772938112
-2.8000000000001535, 4.539035967305697
-2.7900000000001537, 4.446792902850604
-2.780000000000154, 4.359319933697099
-2.770000000000154, 4.276248366256011
-2.7600000000001543, 4.197248566642019
-2.7500000000001545, 4.122025004255786
-2.7400000000001548, 4.050312020087876
-2.730000000000155, 3.981870209498796
-2.720000000000155, 3.91648332994854
-2.7100000000001554, 3.8539556322477173
-2.7000000000001556, 3.7941095595367615
-2.690000000000156, 3.7367837549273153
-2.680000000000156, 3.681831318893358
-2.6700000000001562, 3.6291183014435777
-2.6600000000001565, 3.578522376693885
-2.6500000000001567, 3.5299316794941933
-2.640000000000157, 3.4832437864791816
-2.630000000000157, 3.4383648171966783
-2.6200000000001573, 3.3952086344974512
-2.6100000000001575, 3.353696142664427
-2.6000000000001577, 3.3137546612779962
-2.590000000000158, 3.2753173741744877
-2.580000000000158, 3.2383228256112053
-2.5700000000001584, 3.202714488283463
-2.5600000000001586, 3.1684403654384212
-2.550000000000159, 3.135452636305901
-2.540000000000159, 3.1037073445417036
-2.5300000000001592, 3.0731641163689174
-2.5200000000001594, 3.043785902821995
-2.5100000000001597, 3.015538759058915
-2.50000000000016, 2.9883916360001983
-2.49000000000016, 2.962316200784571
-2.4800000000001603, 2.937286674167736
-2.4700000000001605, 2.913279684318886
-2.4600000000001607, 2.89027413759435
-2.450000000000161, 2.8682511014396512
-2.440000000000161, 2.8471937054831926
-2.4300000000001614, 2.827087048646267
-2.4200000000001616, 2.807918121876815
-2.410000000000162, 2.7896757405836574
-2.400000000000162, 2.7723504865276283
-2.390000000000162, 2.7559346592088247
-2.3800000000001624, 2.740422234105996
-2.3700000000001626, 2.725808833200184
-2.360000000000163, 2.7120917029465184
-2.350000000000163, 2.6992696958223883
-2.3400000000001633, 2.6873432668559265
-2.3300000000001635, 2.676314472304533
-2.3200000000001637, 2.666186978564431
-2.310000000000164, 2.6569660788431695
-2.300000000000164, 2.6486587184202506
-2.2900000000001643, 2.6412735253865285
-2.2800000000001646, 2.6348208541168816
-2.2700000000001648, 2.6293128348457797
-2.260000000000165, 2.6247634348327877
-2.250000000000165, 2.6211885262700223
-2.2400000000001654, 2.618605968107736
-2.2300000000001656, 2.617035699493466
-2.220000000000166, 2.616499841475364
-2.210000000000166, 2.617022818912062
-2.2000000000001663, 2.6186314904511327
-2.1900000000001665, 2.621355297674799
-2.1800000000001667, 2.625226434191277
-2.170000000000167, 2.6302800307915994
-2.160000000000167, 2.6365543616177964
-2.1500000000001673, 2.6440910803271422
-2.1400000000001675, 2.65293547624516
-2.1300000000001678, 2.663136765368629
-2.120000000000168, 2.674748412191671
-2.110000000000168, 2.687828492053246
-2.1000000000001684, 2.7024400961359167
-2.0900000000001686, 2.7186517808709674
-2.080000000000169, 2.7365380805834087
-2.070000000000169, 2.7561800772397542
-2.0600000000001693, 2.777666036515608
-2.0500000000001695, 2.80109214211857
-2.0400000000001697, 2.8265633095309637
-2.03000000000017, 2.8541941116081553
-2.02000000000017, 2.8841098340088145
-2.0100000000001703, 2.916447669784957
-2.0000000000001705, 2.9513580888981723
-1.9900000000001705, 2.9890063974736445
-1.9800000000001705, 3.029574534302501
-1.9700000000001705, 3.073263128302808
-1.9600000000001705, 3.1202938957459923
-1.9500000000001705, 3.1709123813941797
-1.9400000000001705, 3.2253911893933878
-1.9300000000001705, 3.2840337141056346
-1.9200000000001705, 3.34717855327309
-1.9100000000001705, 3.415204658798014
-1.9000000000001704, 3.4885374701412832
-1.8900000000001704, 3.5676561635824404
-1.8800000000001704, 3.6531023434940755
-1.8700000000001704, 3.74549044989166
-1.8600000000001704, 3.8455203413750247
-1.8500000000001704, 3.953992582938506
-1.8400000000001704, 4.07182712008061
-1.8300000000001704, 4.200086319941731
-1.8200000000001704, 4.340003515954083
-1.8100000000001704, 4.4930187349932
-1.8000000000001704, 4.660823773965031
-1.7900000000001703, 4.845419642052487
-1.7800000000001703, 5.049190409119335
-1.7700000000001703, 5.274999361756534
-1.7600000000001703, 5.526315663951344
-1.7500000000001703, 5.807383331260605
-1.7400000000001703, 6.123450242852682
-1.7300000000001703, 6.48108339085251
-1.7200000000001703, 6.888610912287076
-1.7100000000001703, 7.356754700675443
-1.7000000000001703, 7.899556655427105
-1.6900000000001703, 8.53577134902525
-1.6800000000001702, 9.291023755409853
-1.6700000000001702, 10.201271887861989
-1.6600000000001702, 11.31859882811861
-1.6500000000001702, 12.721392025028186
-1.6400000000001702, 14.533348431051314
-1.6300000000001702, 16.961740145723546
-1.6200000000001702, 20.382342564996925
-1.6100000000001702, 25.554341127466152
-1.6000000000001702, 34.27677398672979
-1.5900000000001702, 52.09596193520302
-1.5800000000001702, 108.6630513922098
-1.5700000000001701, -1255.7666449055973
-1.5600000000001701, -92.63663349888053
-1.5500000000001701, -48.10946411419651
-1.5400000000001701, -32.506870171855844
-1.5300000000001701, -24.558798259823558
-1.52000000000017, -19.744481626129925
-1.51000000000017, -16.51752302721793
-1.50000000000017, -14.205242747428317
-1.49000000000017, -12.467986957747257
-1.48000000000017, -11.115736179838015
-1.47000000000017, -10.033879197303808
-1.46000000000017, -9.149182791511835
-1.45000000000017, -8.412664775254138
-1.44000000000017, -7.790323304375101
-1.43000000000017, -7.257817146270479
-1.42000000000017, -6.797262417777055
-1.41000000000017, -6.39522471943418
-1.40000000000017, -6.0414165406652165
-1.39000000000017, -5.727827008266052
-1.38000000000017, -5.448125287309254
-1.37000000000017, -5.197242210182647
-1.36000000000017, -4.971071079463278
-1.35000000000017, -4.766249700095288
-1.34000000000017, -4.579999085717543
-1.33000000000017, -4.410002404579891
-1.32000000000017, -4.254312836203681
-1.31000000000017, -4.111282638330035
-1.30000000000017, -3.979507958045885
-1.29000000000017, -3.857785401448462
-1.28000000000017, -3.7450775797054003
-1.2700000000001699, -3.6404855379909438
-1.2600000000001699, -3.5432264911877858
-1.2500000000001699, -3.4526157312668557
-1.2400000000001699, -3.3680518193289797
-1.2300000000001698, -3.289004384816314
-1.2200000000001698, -3.2150040037056655
-1.2100000000001698, -3.145633777328407
-1.2000000000001698, -3.080522257842923
-1.1900000000001698, -3.019337494486969
-1.1800000000001698, -2.961782007844934
-1.1700000000001698, -2.9075884917055284
-1.1600000000001698, -2.856516166659722
-1.1500000000001698, -2.808347642642703
-1.1400000000001698, -2.762886224579084
-1.1300000000001698, -2.719953578748104
-1.1200000000001697, -2.679387719861565
-1.1100000000001697, -2.641041255326406
-1.1000000000001697, -2.604779854172903
-1.0900000000001697, -2.570480912418237
-1.0800000000001697, -2.538032375736379
-1.0700000000001697, -2.5073317165138254
-1.0600000000001697, -2.4782850137615053
-1.0500000000001697, -2.450806159941169
-1.0400000000001697, -2.424816144462502
-1.0300000000001697, -2.4002424261975674
-1.0200000000001697, -2.377018371563369
-1.0100000000001697, -2.3550827556571665
-1.0000000000001696, -2.3343793183263126
-0.9900000000001696, -2.3148563673831175
-0.9800000000001696, -2.2964664217533683
-0.9700000000001696, -2.2791658954562353
-0.9600000000001696, -2.2629148127379937
-0.9500000000001696, -2.2476765524256255
-0.9400000000001696, -2.2334176208242824
-0.9300000000001696, -2.220107446381516
-0.9200000000001696, -2.2077181967335147
-0.9100000000001696, -2.19622461355595
-0.9000000000001696, -2.185603867767904
-0.8900000000001695, -2.175835428778921
-0.8800000000001695, -2.166900946024619
-0.8700000000001695, -2.1587841498435902
-0.8600000000001695, -2.1514707576301024
-0.8500000000001695, -2.144948397451857
-0.8400000000001695, -2.1392065377379725
-0.8300000000001695, -2.1342364294228178
-0.8200000000001695, -2.1300310570175887
-0.8100000000001695, -2.126585097931182
-0.8000000000001695, -2.123894891320102
-0.7900000000001695, -2.1219584139442733
-0.7800000000001694, -2.1207752658798533
-0.7700000000001694, -2.1203466617978055
-0.7600000000001694, -2.1206754328201938
-0.7500000000001694, -2.1217660332879382
-0.7400000000001694, -2.1236245577043293
-0.7300000000001694, -2.126258765192806
-0.7200000000001694, -2.1296781110632717
-0.7100000000001694, -2.1338937886878284
-0.7000000000001694, -2.138918779111579
-0.6900000000001694, -2.1447679106263084
-0.6800000000001694, -2.1514579285517685
-0.6700000000001693, -2.1590075744309796
-0.6600000000001693, -2.167437678880001
-0.6500000000001693, -2.1767712642413795
-0.6400000000001693, -2.1870336635319587
-0.6300000000001693, -2.198252650024922
-0.6200000000001693, -2.21045858794211
-0.6100000000001693, -2.223684596468286
-0.6000000000001693, -2.2379667349443357
-0.5900000000001693, -2.253344210108586
-0.5800000000001693, -2.269859605903556
-0.5700000000001693, -2.287559141874514
-0.5600000000001693, -2.3064929582528135
-0.5500000000001692, -2.326715439712257
-0.5400000000001692, -2.3482855709654116
-0.5300000000001692, -2.3712673394047403
-0.5200000000001692, -2.3957301826800967
-0.5100000000001692, -2.4217494944432376
-0.5000000000001692, -2.4494071874575587
-0.4900000000001692, -2.4787923340177764
-0.4800000000001692, -2.510001879367536
-0.47000000000016917, -2.5431414564736783
-0.46000000000016916, -2.5783263033108885
-0.45000000000016915, -2.615682302372252
-0.44000000000016914, -2.6553471702598133
-0.43000000000016914, -2.6974718069973593
-0.4200000000001691, -2.7422218416384485
-0.4100000000001691, -2.789779409761718
-0.4000000000001691, -2.840345191417173
-0.3900000000001691, -2.8941407659542606
-0.3800000000001691, -2.951411346345055
-0.3700000000001691, -3.0124289499894745
-0.3600000000001691, -3.0774960952759813
-0.35000000000016906, -3.1469501502258157
-0.34000000000016906, -3.2211684269844905
-0.33000000000016905, -3.300574224678255
-0.32000000000016904, -3.3856439847018804
-0.31000000000016903, -3.4769158566374694
-0.300000000000169, -3.574999951293594
-0.290000000000169, -3.68059074077819
-0.280000000000169, -3.794482094460766
-0.270000000000169, -3.9175856737858594
-0.260000000000169, -4.050953564601757
-0.250000000000169, -4.195806348959396
-0.24000000000016897, -4.353568176526897
-0.23000000000016896, -4.5259110161261615
-0.22000000000016895, -4.714810947880284
-0.21000000000016894, -4.922620562171094
-0.20000000000016893, -5.152163048657701
-0.19000000000016892, -5.406856057718982
-0.1800000000001689, -5.690876748542479
-0.1700000000001689, -6.009385214596767
-0.1600000000001689, -6.368831598355335
-0.1500000000001689, -6.77738607995725
-0.14000000000016888, -7.245553172512892
-0.13000000000016887, -7.787069514874622
-0.12000000000016887, -8.420250541196449
-0.11000000000016888, -9.170071761321338
-0.10000000000016888, -10.071498763132588
-0.09000000000016889, -11.175037161360477
-0.0800000000001689, -12.556445192224174
-0.0700000000001689, -14.334771192915873
-0.0600000000001689, -16.708428570788087
-0.050000000000168895, -20.03456101407379
-0.040000000000168894, -25.027455104693583
-0.03000000000016889, -33.3537784034821
-0.02000000000016889, -50.01353184545943
-0.01000000000016889, -100.0067168297389
-1.6888920817414999E-13, NaN
0.009999999999831111, -9.059250186097294
0.01999999999983111, -6.780097061558945
0.029999999999831113, -5.61884668232707
0.039999999999831115, -4.871908535287609
0.04999999999983112, -4.336543956581162
0.05999999999983112, -3.927658529212183
0.06999999999983111, -3.601974615290898
0.07999999999983111, -3.334684599896184
0.0899999999998311, -3.1103456116001524
0.0999999999998311, -2.9187439495728738
0.1099999999998311, -2.752802875896828
0.11999999999983109, -2.607434973774554
0.12999999999983108, -2.4788716148844308
0.1399999999998311, -2.3642507731059874
0.1499999999998311, -2.2613528406867185
0.1599999999998311, -2.1684252607834993
0.16999999999983112, -2.08406260705338
0.17999999999983113, -2.0071224309028617
0.18999999999983114, -1.9366648832629028
0.19999999999983115, -1.8719085347905415
0.20999999999983116, -1.8121974685941868
0.21999999999983116, -1.7569764012485087
0.22999999999983117, -1.7057715883089615
0.23999999999983118, -1.6581760116633308
0.2499999999998312, -1.6138377260019774
0.2599999999998312, -1.5724506117728576
0.2699999999998312, -1.5337469708767255
0.2799999999998312, -1.497491525991606
0.2899999999998312, -1.4634765399663843
0.29999999999983123, -1.4315178037140632
0.30999999999983124, -1.4014513153657107
0.31999999999983125, -1.373130517131374
0.32999999999983126, -1.3464239856714943
0.33999999999983127, -1.3212134807308649
0.3499999999998313, -1.2973922939094102
0.3599999999998313, -1.274863846076093
0.3699999999998313, -1.2535404883915655
0.3799999999998313, -1.2333424690727766
0.3899999999998313, -1.214197046117054
0.3999999999998313, -1.1960377166425216
0.40999999999983133, -1.1788035483868522
0.41999999999983134, -1.1624385989332224
0.42999999999983135, -1.146891401930978
0.43999999999983136, -1.1321145210368275
0.44999999999983137, -1.1180641560127484
0.4599999999998314, -1.104699793505938
0.4699999999998314, -1.0919838993684607
0.4799999999998314, -1.0798816451641298
0.4899999999998314, -1.0683606637699419
0.4999999999998314, -1.0573908324328438
0.5099999999998314, -1.0469440784923894
0.5199999999998314, -1.0369942046769833
0.5299999999998314, -1.0275167330348551
0.5399999999998314, -1.0184887635484865
0.5499999999998314, -1.0098888478168289
0.5599999999998314, -1.001696873768679
0.5699999999998314, -0.9938939612217181
0.5799999999998314, -0.9864623688367402
0.5899999999998314, -0.9793854073290077
0.5999999999998314, -0.9726473626119294
0.6099999999998315, -0.9662334236856946
0.6199999999998315, -0.9601296190501519
0.6299999999998315, -0.9543227561076517
0.6399999999998315, -0.9488003684119435
0.6499999999998315, -0.9435506646469919
0.6599999999998315, -0.9385624838951587
0.6699999999998315, -0.9338252533828809
0.6799999999998315, -0.9293289496929542
0.6899999999998315, -0.9250640635550901
0.6999999999998315, -0.9210215670078523
0.7099999999998315, -0.91719288285655
0.7199999999998316, -0.9135698567480044
0.7299999999998316, -0.9101447314546516
0.7399999999998316, -0.9069101227002111
0.7499999999998316, -0.9038589968359716
0.7599999999998316, -0.9009846501672554
0.7699999999998316, -0.8982806898351661
0.7799999999998316, -0.8957410159198973
0.7899999999998316, -0.8933598047729057
0.7999999999998316, -0.8911314932131212
0.8099999999998316, -0.8890507645538104
0.8199999999998316, -0.8871125347490799
0.8299999999998317, -0.8853119399851774
0.8399999999998317, -0.8836443246107112
0.8499999999998317, -0.8821052303222067
0.8599999999998317, -0.8806903857162546
0.8699999999998317, -0.8793956966205551
0.8799999999998317, -0.8782172370450151
0.8899999999998317, -0.8771512405325871
0.8999999999998317, -0.8761940922232238
0.9099999999998317, -0.8753423213304106
0.9199999999998317, -0.8745925939746427
0.9299999999998317, -0.873941706629603
0.9399999999998317, -0.8733865797253582
0.9499999999998318, -0.8729242518069688
0.9599999999998318, -0.8725518739495333
0.9699999999998318, -0.8722667044112319
0.9799999999998318, -0.8720661037562745
0.9899999999998318, -0.8719475301286538
0.9999999999998318, NaN
1.0099999999998317, -0.8719467579501101
1.0199999999998317, -0.8720599247833576
1.0299999999998317, -0.8722458416769755
1.0399999999998317, -0.8725023926637512
1.0499999999998317, -0.872827536045724
1.0599999999998317, -0.8732193012095106
1.0699999999998318, -0.8736757855649278
1.0799999999998318, -0.8741951517189277
1.0899999999998318, -0.8747756246511068
1.0999999999998318, -0.8754154892220841
1.1099999999998318, -0.8761130876086438
1.1199999999998318, -0.8768668170619334
1.1299999999998318, -0.87767512752713
1.1399999999998318, -0.8785365196653094
1.1499999999998318, -0.8794495427773288
1.1599999999998318, -0.8804127928234641
1.1699999999998318, -0.8814249107156928
1.1799999999998319, -0.8824845803916457
1.1899999999998319, -0.8835905273443275
1.1999999999998319, -0.8847415167944005
1.2099999999998319, -0.8859363525167117
1.2199999999998319, -0.8871738749506077
1.229999999999832, -0.888452960219299
1.239999999999832, -0.8897725185949882
1.249999999999832, -0.8911314932131212
1.259999999999832, -0.8925288589531336
1.269999999999832, -0.8939636212882598
1.279999999999832, -0.8954348151530724
1.289999999999832, -0.8969415038581691
1.299999999999832, -0.8984827781723237
1.309999999999832, -0.9000577550536792
1.319999999999832, -0.9016655772322251
1.329999999999832, -0.9033054118692552
1.339999999999832, -0.9049764499489688
1.349999999999832, -0.9066779052885652
1.359999999999832, -0.9084090140346134
1.369999999999832, -0.9101690333634326
1.379999999999832, -0.9119572416293623
1.389999999999832, -0.9137729365857226
1.399999999999832, -0.9156154359292075
1.409999999999832, -0.9174840753856719
1.419999999999832, -0.9193782092030419
1.429999999999832, -0.9212972088821814
1.439999999999832, -0.9232404629185961
1.449999999999832, -0.9252073760346065
1.459999999999832, -0.9271973688780712
1.469999999999832, -0.9292098774733155
1.4799999999998321, -0.9312443525075367
1.4899999999998321, -0.9333002592310097
1.4999999999998321, -0.9353770766033497
1.5099999999998321, -0.9374742971184236
1.5199999999998322, -0.9395914265463389
1.5299999999998322, -0.9417279832489251
1.5399999999998322, -0.9438834977521197
1.5499999999998322, -0.946057512468121
1.5599999999998322, -0.9482495813062239
1.5699999999998322, -0.950459269784854
1.5799999999998322, -0.9526861537853596
1.5899999999998322, -0.9549298199608542
1.5999999999998322, -0.9571898654238975
1.6099999999998322, -0.9594658966372507
1.6199999999998322, -0.9617575301902411
1.6299999999998322, -0.9640643916360658
1.6399999999998323, -0.9663861163346218
1.6499999999998323, -0.9687223475303149
1.6599999999998323, -0.9710727376040279
1.6699999999998323, -0.9734369474684634
1.6799999999998323, -0.9758146453849945
1.6899999999998323, -0.9782055083176707
1.6999999999998323, -0.9806092199659684
1.7099999999998323, -0.983025472580907
1.7199999999998323, -0.9854539646558073
1.7299999999998323, -0.9878944022948211
1.7399999999998323, -0.9903464982128465
1.7499999999998324, -0.9928099714688063
1.7599999999998324, -0.9952845482505097
1.7699999999998324, -0.9977699608748258
1.7799999999998324, -1.000265947100023
1.7899999999998324, -1.002772251483606
1.7999999999998324, -1.0052886239323793
1.8099999999998324, -1.0078148201072457
1.8199999999998324, -1.0103506013123622
1.8299999999998324, -1.012895734019002
1.8399999999998324, -1.0154499900361893
1.8499999999998324, -1.018013145944381
1.8599999999998325, -1.0205849835659313
1.8699999999998325, -1.0231652897965633
1.8799999999998325, -1.0257538555618262
1.8899999999998325, -1.0283504765993416
1.8999999999998325, -1.030954953797195
1.9099999999998325, -1.0335670911605268
1.9199999999998325, -1.036186698221009
1.9299999999998325, -1.038813587294543
1.9399999999998325, -1.0414475760394546
1.9499999999998325, -1.0440884849897691
1.9599999999998325, -1.0467361391373693
1.9699999999998326, -1.0493903669792586
1.9799999999998326, -1.0520510010055706
1.9899999999998326, -1.0547178761985074
1.9999999999998326, -1.0573908324328438
2.0099999999998324, -1.060069712353875
2.019999999999832, -1.0627543611231913
2.029999999999832, -1.0654446285672208
2.0399999999998317, -1.0681403664690263
2.0499999999998315, -1.0708414305187008
2.0599999999998313, -1.0735476788918206
2.069999999999831, -1.0762589726849983
2.079999999999831, -1.0789751759230104
2.0899999999998307, -1.0816961562547116
2.0999999999998304, -1.0844217823585713
2.1099999999998302, -1.0871519271328383
2.11999999999983, -1.0898864649808864
2.12999999999983, -1.0926252735504909
2.1399999999998296, -1.0953682327245235
2.1499999999998294, -1.0981152252327808
2.159999999999829, -1.1008661352691267
2.169999999999829, -1.1036208499336952
2.1799999999998287, -1.1063792585656622
2.1899999999998285, -1.1091412527818807
2.1999999999998283, -1.1119067261554556
2.209999999999828, -1.114675574131749
2.219999999999828, -1.1174476948074612
2.2299999999998277, -1.120222988377531
2.2399999999998275, -1.1230013559434047
2.2499999999998272, -1.1257827015408697
2.259999999999827, -1.1285669312170952
2.269999999999827, -1.1313539520794738
2.2799999999998266, -1.1341436734803096
2.2899999999998264, -1.1369360065797876
2.299999999999826, -1.1397308640260375
2.309999999999826, -1.1425281606621884
2.3199999999998258, -1.1453278123088682
2.3299999999998255, -1.1481297368625392
2.3399999999998253, -1.1509338534611997
2.349999999999825, -1.1537400833421165
2.359999999999825, -1.1565483490040822
2.3699999999998247, -1.1593585737463625
2.3799999999998245, -1.1621706836068255
2.3899999999998243, -1.164984605188171
2.399999999999824, -1.1678002665318612
2.409999999999824, -1.1706175973406718
2.4199999999998236, -1.1734365286635504
2.4299999999998234, -1.1762569920248338
2.439999999999823, -1.1790789216992845
2.449999999999823, -1.1819022519323636
2.4599999999998228, -1.1847269190892953
2.4699999999998226, -1.1875528602346845
2.4799999999998223, -1.1903800134982487
2.489999999999822, -1.1932083185932065
2.499999999999822, -1.1960377166425216
2.5099999999998217, -1.198868148296413
2.5199999999998215, -1.2016995570832196
2.5299999999998213, -1.2045318869722852
2.539999999999821, -1.2073650828975506
2.549999999999821, -1.2101990904289406
2.5599999999998206, -1.2130338571788062
2.5699999999998204, -1.2158693308924717
2.57999999999982, -1.218705460565682
2.58999999999982, -1.2215421952399712
2.59999999999982, -1.224379487048783
2.6099999999998196, -1.2272172870796996
2.6199999999998194, -1.2300555476816846
2.629999999999819, -1.2328942225897184
2.639999999999819, -1.235733265853896
2.6499999999998187, -1.238572633302607
2.6599999999998185, -1.2414122802641425
2.6699999999998183, -1.2442521639375606
2.679999999999818, -1.2470922418615038
2.689999999999818, -1.2499324720294516
2.6999999999998177, -1.2527728140824512
2.7099999999998174, -1.2556132279124141
2.7199999999998172, -1.258453673934508
2.729999999999817, -1.2612941127463633
2.739999999999817, -1.2641345074268822
2.7499999999998166, -1.2669748204185374
2.7599999999998164, -1.2698150145752156
2.769999999999816, -1.272655055335357
2.779999999999816, -1.2754949056791933
2.7899999999998157, -1.278334532228927
2.7999999999998155, -1.281173900190246
2.8099999999998153, -1.2840129768033397
2.819999999999815, -1.286851728463091
2.829999999999815, -1.2896901240452376
2.8399999999998147, -1.2925281310482142
2.8499999999998145, -1.2953657187728105
2.8599999999998142, -1.298202857023702
2.869999999999814, -1.3010395152735141
2.879999999999814, -1.3038756644245206
2.8899999999998136, -1.3067112758200137
2.8999999999998134, -1.30954632122299
2.909999999999813, -1.3123807719702976
2.919999999999813, -1.3152146017515727
2.9299999999998128, -1.3180477831341664
2.9399999999998125, -1.3208802901832892
2.9499999999998123, -1.3237120967894795
2.959999999999812, -1.3265431774783865
2.969999999999812, -1.3293735080683347
2.9799999999998117, -1.3322030631367388
2.9899999999998115, -1.335031818514033
2.9999999999998113, -1.3378597517886066
3.009999999999811, -1.3406868389072168
3.019999999999811, -1.3435130566875781
3.0299999999998106, -1.3463383840078427
3.0399999999998104, -1.3491627987251154
3.04999999999981, -1.3519862781553607
3.05999999999981, -1.3548088026715035
3.0699999999998098, -1.3576303500117974
3.0799999999998096, -1.360450900953678
3.0899999999998093, -1.3632704353312202
3.099999999999809, -1.366088932875487
3.109999999999809, -1.3689063747709502
3.1199999999998087, -1.3717227420761262
3.1299999999998085, -1.374538016408111
3.1399999999998083, -1.3773521788721763
3.149999999999808, -1.3801652121630994
3.159999999999808, -1.3829770986154422
3.1699999999998076, -1.3857878201813525
3.1799999999998074, -1.388597361266944
3.189999999999807, -1.3914057039126633
3.199999999999807, -1.3942128331333539
3.209999999999807, -1.397018732079852
3.2199999999998066, -1.3998233845262777
3.2299999999998064, -1.4026267761305073
3.239999999999806, -1.4054288911763568
3.249999999999806, -1.408229714906621
3.2599999999998057, -1.4110292326086622
3.2699999999998055, -1.4138274301494875
3.2799999999998053, -1.4166242930519832
3.289999999999805, -1.4194198081317007
3.299999999999805, -1.4222139614717224
3.3099999999998047, -1.4250067398785435
3.3199999999998044, -1.4277981301368792
3.3299999999998042, -1.4305881208540827
3.339999999999804, -1.4333766974419626
3.349999999999804, -1.4361638482251777
3.3599999999998036, -1.4389495614708063
3.3699999999998034, -1.4417338255630128
3.379999999999803, -1.4445166280521513
3.389999999999803, -1.447297958460755
3.3999999999998027, -1.4500778054612717
3.4099999999998025, -1.4528561570437855
3.4199999999998023, -1.4556330042944396
3.429999999999802, -1.4584083349500059
3.439999999999802, -1.4611821390707496
3.4499999999998017, -1.463954407145085
3.4599999999998015, -1.4667251291256498
3.4699999999998012, -1.4694942947969385
3.479999999999801, -1.4722618949186774
3.489999999999801, -1.4750279202621033
3.4999999999998006, -1.4777923614067852
3.5099999999998004, -1.480555209310462
3.5199999999998, -1.4833164545265336
3.5299999999998, -1.486076090111767
3.5399999999997998, -1.488834106569813
3.5499999999997995, -1.4915904955306574
3.5599999999997993, -1.4943452487739783
3.569999999999799, -1.4970983590080928
3.579999999999799, -1.4998498177051398
3.5899999999997987, -1.5025996176448402
3.5999999999997985, -1.5053477513380202
3.6099999999997983, -1.508094210817156
3.619999999999798, -1.5108389898083727
3.629999999999798, -1.5135820803572249
3.6399999999997976, -1.5163234765934823
3.6499999999997974, -1.5190631713467377
3.659999999999797, -1.5218011583288213
3.669999999999797, -1.5245374301278278
3.6799999999997968, -1.5272719812068933
3.6899999999997966, -1.5300048054971436
3.6999999999997963, -1.5327358961828417
3.709999999999796, -1.5354652485209312
3.719999999999796, -1.5381928560009395
3.7299999999997957, -1.5409187127592816
3.7399999999997955, -1.5436428135791689
3.7499999999997953, -1.546365153074074
3.759999999999795, -1.5490857269065292
3.769999999999795, -1.551804528308339
3.7799999999997946, -1.5545215523619489
3.7899999999997944, -1.557236795601254
3.799999999999794, -1.5599502508658718
3.809999999999794, -1.5626619159340154
3.819999999999794, -1.5653717848726236
3.8299999999997936, -1.568079854008611
3.8399999999997934, -1.5707861179974687
3.849999999999793, -1.5734905722993204
3.859999999999793, -1.5761932148496927
3.8699999999997927, -1.5788940389725583
3.8799999999997925, -1.5815930429616891
3.8899999999997923, -1.58429022173193
3.899999999999792, -1.5869855709849414
3.909999999999792, -1.5896790882642622
3.9199999999997917, -1.5923707700140244
3.9299999999997914, -1.5950606117747608
3.9399999999997912, -1.5977486107108365
3.949999999999791, -1.6004347634992413
3.959999999999791, -1.6031190665326256
3.9699999999997906, -1.6058015178280485
3.9799999999997904, -1.6084821131976188
3.98999999999979, -1.6111608504973802
3.99999999999979, -1.6138377260019774
4.00999999999979, -1.6165127371737125
4.01999999999979, -1.6191858813796733
4.02999999999979, -1.6218571565320645
4.0399999999997895, -1.624526560010565
4.049999999999789, -1.6271940884372038
4.059999999999789, -1.6298597400455095
4.069999999999789, -1.6325235120894541
4.079999999999789, -1.635185403653375
4.0899999999997885, -1.6378454115311034
4.099999999999788, -1.6405035328165605
4.109999999999788, -1.6431597666485516
4.119999999999788, -1.6458141107262212
4.129999999999788, -1.6484665641398792
4.139999999999787, -1.651117122771891
4.149999999999787, -1.653765787616424
4.159999999999787, -1.6564125551333273
4.169999999999787, -1.6590574238210483
4.1799999999997866, -1.6617003924632654
4.189999999999786, -1.6643414596851591
4.199999999999786, -1.6669806243917087
4.209999999999786, -1.6696178839906606
4.219999999999786, -1.6722532379341561
4.2299999999997855, -1.6748866855051294
4.239999999999785, -1.677518224250942
4.249999999999785, -1.6801478533174028
4.259999999999785, -1.6827755730109555
4.269999999999785, -1.6854013805456995
4.279999999999784, -1.688025276077266
4.289999999999784, -1.6906472575510727
4.299999999999784, -1.693267324961044
4.309999999999784, -1.695885477881299
4.319999999999784, -1.6985017150077704
4.329999999999783, -1.7011160339218911
4.339999999999783, -1.7037284369723955
4.349999999999783, -1.706338921320629
4.359999999999783, -1.708947487992206
4.3699999999997825, -1.7115541350722725
4.379999999999782, -1.7141588633820017
4.389999999999782, -1.716761670785975
4.399999999999782, -1.7193625583439953
4.409999999999782, -1.721961525062661
4.419999999999781, -1.7245585706308038
4.429999999999781, -1.7271536947325346
4.439999999999781, -1.7297468977351502
4.449999999999781, -1.7323381786168444
4.459999999999781, -1.7349275381860423
4.46999999999978, -1.737514975392942
4.47999999999978, -1.7401004905551325
4.48999999999978, -1.7426840830461532
4.49999999999978, -1.7452657545377217
4.5099999999997795, -1.7478455027339406
4.519999999999779, -1.750423330424614
4.529999999999779, -1.752999235488851
4.539999999999779, -1.7555732197346503
4.549999999999779, -1.7581452812043163
4.5599999999997785, -1.7607154235171514
4.569999999999778, -1.763283642298065
4.579999999999778, -1.765849942036533
4.589999999999778, -1.7684143213229877
4.599999999999778, -1.770976780816591
4.609999999999777, -1.773537320662013
4.619999999999777, -1.7760959414289532
4.629999999999777, -1.7786526431664211
4.639999999999777, -1.7812074272929523
4.6499999999997765, -1.783760293993594
4.659999999999776, -1.7863112424468603
4.669999999999776, -1.7888602755755496
4.679999999999776, -1.7914073919679525
4.689999999999776, -1.7939525937212175
4.6999999999997755, -1.796495880250287
4.709999999999775, -1.7990372530536143
4.719999999999775, -1.8015767123707356
4.729999999999775, -1.8041142600513056
4.739999999999775, -1.806649895479338
4.749999999999774, -1.8091836203668763
4.759999999999774, -1.8117154351539284
4.769999999999774, -1.8142453406869037
4.779999999999774, -1.8167733382196043
4.7899999999997736, -1.8192994277208463
4.799999999999773, -1.821823611255387
4.809999999999773, -1.8243458891153592
4.819999999999773, -1.826866262964139
4.829999999999773, -1.8293847324390664
4.8399999999997725, -1.831901299763174
4.849999999999772, -1.8344159648839589
4.859999999999772, -1.836928731072274
4.869999999999772, -1.839439596141633
4.879999999999772, -1.841948563426369
4.889999999999771, -1.8444556332374666
4.899999999999771, -1.8469608087313734
4.909999999999771, -1.84946408781772
4.919999999999771, -1.8519654737040148
4.929999999999771, -1.85446496655197
4.93999999999977, -1.8569625683899653
4.94999999999977, -1.859458280159683
4.95999999999977, -1.8619521039334073
4.96999999999977, -1.8644440401960773
4.9799999999997695, -1.8669340895692859
4.989999999999769, -1.869422254300135
4.999999999999769, -1.8719085347905415
5.009999999999769, -1.8743929338146894
5.019999999999769, -1.8768754530443048
5.029999999999768, -1.8793560897974915
5.039999999999768, -1.881834851247204
5.049999999999768, -1.8843117342248377
5.059999999999768, -1.8867867431825278
5.069999999999768, -1.889259877704474
5.079999999999767, -1.891731140005522
5.089999999999767, -1.8942005309253052
5.099999999999767, -1.8966680536925535
5.109999999999767, -1.8991337076409
5.1199999999997665, -1.9015974949935375
5.129999999999766, -1.9040594178494215
5.139999999999766, -1.9065194766645166
5.149999999999766, -1.908977675302809
5.159999999999766, -1.9114340121864335
5.1699999999997654, -1.913888490663884
5.179999999999765, -1.9163411131961094
5.189999999999765, -1.9187918777899884
5.199999999999765, -1.921240790700666
5.209999999999765, -1.9236878511854547
5.219999999999764, -1.9261330603932842
5.229999999999764, -1.9285764221411226
5.239999999999764, -1.9310179352551242
5.249999999999764, -1.9334576032713306
5.2599999999997635, -1.9358954270272877
5.269999999999763, -1.938331409265275
5.279999999999763, -1.9407655497601717
5.289999999999763, -1.9431978522470055
5.299999999999763, -1.9456283180041891
5.3099999999997625, -1.9480569481589507
5.319999999999762, -1.9504837447179757
5.329999999999762, -1.9529087087625707
5.339999999999762, -1.9553318435468237
5.349999999999762, -1.9577531495881506
5.359999999999761, -1.9601726290586439
5.369999999999761, -1.9625902842360243
5.379999999999761, -1.9650061162040569
5.389999999999761, -1.967420127446343
5.3999999999997605, -1.9698323187281217
5.40999999999976, -1.9722426922143668
5.41999999999976, -1.974651250693627
5.42999999999976, -1.9770579957516112
5.43999999999976, -1.9794629282868503
5.4499999999997595, -1.9818660511245338
5.459999999999759, -1.9842673658806116
5.469999999999759, -1.986666873479202
5.479999999999759, -1.9890645773003155
5.489999999999759, -1.9914604779328064
5.499999999999758, -1.9938545781603594
5.509999999999758, -1.9962468798100308
5.519999999999758, -1.9986373837463223
5.529999999999758, -2.0010260927702985
5.539999999999758, -2.0034130084566124
5.549999999999757, -2.00579813485132
5.559999999999757, -2.0081814705362717
5.569999999999757, -2.010563018942634
5.579999999999757, -2.012942781738539
5.5899999999997565, -2.0153207614766724
5.599999999999756, -2.0176969594698546
5.609999999999756, -2.0200713781806474
5.619999999999756, -2.022444020426825
5.629999999999756, -2.0248148851127055
5.639999999999755, -2.0271839768251145
5.649999999999755, -2.0295512973048586
5.659999999999755, -2.031916847840506
5.669999999999755, -2.0342806303372094
5.679999999999755, -2.0366426483920668
5.689999999999754, -2.0390029016635793
5.699999999999754, -2.041361393645288
5.709999999999754, -2.0437181265727697
5.719999999999754, -2.046073100339361
5.7299999999997535, -2.048426318144908
5.739999999999753, -2.0507777846227673
5.749999999999753, -2.053127497472648
5.759999999999753, -2.05547546121505
5.769999999999753, -2.057821678022391
5.7799999999997524, -2.06016614960312
5.789999999999752, -2.062508875842868
5.799999999999752, -2.064849861852676
5.809999999999752, -2.0671891079404427
5.819999999999752, -2.0695266158423884
5.829999999999751, -2.0718623903629805
5.839999999999751, -2.074196430123754
5.849999999999751, -2.076528738716595
5.859999999999751, -2.0788593181742745
5.8699999999997505, -2.0811881711487477
5.87999999999975, -2.083515298725005
5.88999999999975, -2.085840702329787
5.89999999999975, -2.088164385651339
5.90999999999975, -2.090486350808698
5.9199999999997495, -2.0928065986182283
5.929999999999749, -2.0951251321602875
5.939999999999749, -2.0974419518369753
5.949999999999749, -2.099757060040661
5.959999999999749, -2.102070462265493
5.969999999999748, -2.104382156084843
5.979999999999748, -2.106692146303086
5.989999999999748, -2.1090004347610587
5.999999999999748, -2.1113070219817796
6.0099999999997475, -2.1136119118718946
6.019999999999747, -2.1159151050840515
6.029999999999747, -2.1182166042730066
6.039999999999747, -2.1205164116049766
6.049999999999747, -2.122814529588788
6.0599999999997465, -2.1251109599640583
6.069999999999746, -2.127405705089576
6.079999999999746, -2.1296987654370536
6.089999999999746, -2.13199014544079
6.099999999999746, -2.13427984597574
6.109999999999745, -2.1365678688127487
6.119999999999745, -2.13885421746142
6.129999999999745, -2.14113889213752
6.139999999999745, -2.1434218959131845
6.149999999999745, -2.145703231082808
6.159999999999744, -2.147982900282099
6.169999999999744, -2.1502609036791194
6.179999999999744, -2.152537245712926
6.189999999999744, -2.154811926385561
6.1999999999997435, -2.1570849482857053
6.209999999999743, -2.1593563151897337
6.219999999999743, -2.1616260275505126
6.229999999999743, -2.1638940878497808
6.239999999999743, -2.1661604983447087
6.249999999999742, -2.1684252607834993
6.259999999999742, -2.1706883775357113
6.269999999999742, -2.1729498513110768
6.279999999999742, -2.175209682890715
6.289999999999742, -2.177467875945977
6.299999999999741, -2.179724431366119
6.309999999999741, -2.1819793509439505
6.319999999999741, -2.184232638802931
6.329999999999741, -2.186484294567823
6.3399999999997405, -2.1887343216158195
6.34999999999974, -2.190982721668813
6.35999999999974, -2.1932294970714326
6.36999999999974, -2.1954746505073888
6.37999999999974, -2.197718184142026
6.389999999999739, -2.1999600973284332
6.399999999999739, -2.2022003957681804
6.409999999999739, -2.204439079201204
6.419999999999739, -2.206676152578667
6.429999999999739, -2.2089116143020213
6.439999999999738, -2.211145468275144
6.449999999999738, -2.2133777164427317
6.459999999999738, -2.215608361374632
6.469999999999738, -2.2178374048264136
6.4799999999997375, -2.2200648480242235
6.489999999999737, -2.22229069397276
6.499999999999737, -2.22451494457179
6.509999999999737, -2.2267376014791167
6.519999999999737, -2.2289586695835375
6.5299999999997365, -2.2311781462966165
6.539999999999736, -2.2333960363116097
6.549999999999736, -2.2356123420552176
6.559999999999736, -2.2378270651303422
6.569999999999736, -2.2400402068938288
6.579999999999735, -2.2422517716554875
6.589999999999735, -2.2444617585368727
6.599999999999735, -2.246670171357879
6.609999999999735, -2.2488770110727065
6.6199999999997345, -2.2510822815955187
6.629999999999734, -2.253285983385637
6.639999999999734, -2.255488118695543
6.649999999999734, -2.2576886918703227
6.659999999999734, -2.2598877002787354
6.6699999999997335, -2.2620851498161647
6.679999999999733, -2.2642810417410733
6.689999999999733, -2.266475378819829
6.699999999999733, -2.268668161513881
6.709999999999733, -2.2708593923798146
6.719999999999732, -2.2730490734296014
6.729999999999732, -2.2752372070114375
6.739999999999732, -2.277423795221482
6.749999999999732, -2.2796088404923496
6.759999999999732, -2.2817923432332967
6.769999999999731, -2.2839743077287933
6.779999999999731, -2.2861547353553275
6.789999999999731, -2.288333626936205
6.799999999999731, -2.2905109851073058
6.8099999999997305, -2.2926868137313186
6.81999999999973, -2.294861112269216
6.82999999999973, -2.2970338840706668
6.83999999999973, -2.299205130747114
6.84999999999973, -2.3013748545420754
6.859999999999729, -2.3035430574411735
6.869999999999729, -2.3057097411709098
6.879999999999729, -2.307874908388727
6.889999999999729, -2.310038561792136
6.899999999999729, -2.3122007005393552
6.909999999999728, -2.3143613309815927
6.919999999999728, -2.3165204514551583
6.929999999999728, -2.3186780651056775
6.939999999999728, -2.320834173922572
6.9499999999997275, -2.322988781728363
6.959999999999727, -2.3251418869946456
6.969999999999727, -2.327293495115037
6.979999999999727, -2.3294436061284824
6.989999999999727, -2.331592222806579
6.999999999999726, -2.333739345855548
7.009999999999726, -2.335884979321261
7.019999999999726, -2.338029125485395
7.029999999999726, -2.3401717830518085
7.039999999999726, -2.3423129579826965
7.049999999999725, -2.3444526472388687
7.059999999999725, -2.346590859571741
7.069999999999725, -2.3487275926116724
7.079999999999725, -2.3508628479398253
7.0899999999997245, -2.352996629589951
7.099999999999724, -2.3551289386087193
7.109999999999724, -2.3572597766795482
7.119999999999724, -2.3593891458215808
7.129999999999724, -2.3615170502106944
7.1399999999997235, -2.363643488294663
7.149999999999723, -2.365768463708137
7.159999999999723, -2.367891980123227
7.169999999999723, -2.3700140357738357
7.179999999999723, -2.3721346356127313
7.189999999999722, -2.3742537800638877
7.199999999999722, -2.3763714738467305
7.209999999999722, -2.378487715619117
7.219999999999722, -2.3806025077245163
7.2299999999997215, -2.382715854371873
7.239999999999721, -2.3848277543051593
7.249999999999721, -2.3869382133264763
7.259999999999721, -2.389047228095876
7.269999999999721, -2.391154806317624
7.2799999999997205, -2.3932609477723057
7.28999999999972, -2.395365652878464
7.29999999999972, -2.3974689251504455
7.30999999999972, -2.3995707659867684
7.31999999999972, -2.4016711777366053
7.329999999999719, -2.4037701618572336
7.339999999999719, -2.4058677195264346
7.349999999999719, -2.4079638541055917
7.359999999999719, -2.4100585680646005
7.3699999999997186, -2.4121518620532973
7.379999999999718, -2.4142437370556937
7.389999999999718, -2.416334198097347
7.399999999999718, -2.418423242204978
7.409999999999718, -2.4205108763176617
7.4199999999997175, -2.422597099988624
7.429999999999717, -2.424681914651141
7.439999999999717, -2.426765324244535
7.449999999999717, -2.428847327779667
7.459999999999717, -2.4309279304938456
7.469999999999716, -2.4330071311398185
7.479999999999716, -2.4350849334611664
7.489999999999716, -2.437161339057128
7.499999999999716, -2.439236349553331
7.509999999999716, -2.4413099672244405
7.519999999999715, -2.4433821940614706
7.529999999999715, -2.4454530302118735
7.539999999999715, -2.447522478340886
7.549999999999715, -2.4495905436396646
7.5599999999997145, -2.4516572235249336
7.569999999999714, -2.453722521992134
7.579999999999714, -2.45578643994045
7.589999999999714, -2.457848980483367
7.599999999999714, -2.4599101445710394
7.609999999999713, -2.4619699331768774
7.619999999999713, -2.46402835011988
7.629999999999713, -2.466085397680483
7.639999999999713, -2.468141074083401
7.649999999999713, -2.470195384795816
7.659999999999712, -2.4722483302886835
7.669999999999712, -2.4742999126272984
7.679999999999712, -2.4763501323281805
7.689999999999712, -2.478398994024181
7.6999999999997115, -2.4804464970211466
7.709999999999711, -2.4824926450585565
7.719999999999711, -2.484537437170764
7.729999999999711, -2.4865808780937053
7.739999999999711, -2.488622968802507
7.7499999999997105, -2.49066370966154
7.75999999999971, -2.49270310358648
7.76999999999971, -2.4947411547857854
7.77999999999971, -2.496777862428459
7.78999999999971, -2.4988132276022283
7.799999999999709, -2.500847252367846
7.809999999999709, -2.50287994039681
7.819999999999709, -2.504911293482656
7.829999999999709, -2.5069413105815843
7.8399999999997085, -2.508969996071366
7.849999999999708, -2.510997350858714
7.859999999999708, -2.513023377462589
7.869999999999708, -2.5150480752403146
7.879999999999708, -2.517071450578653
7.8899999999997075, -2.5190934996906575
7.899999999999707, -2.5211142286920483
7.909999999999707, -2.5231336376631726
7.919999999999707, -2.525151728299865
7.929999999999707, -2.5271685029590043
7.939999999999706, -2.529183962740714
7.949999999999706, -2.531198109725428
7.959999999999706, -2.53321094569541
7.969999999999706, -2.535222471172127
7.9799999999997056, -2.5372326918268646
7.989999999999705, -2.539241604054755
7.999999999999705, -2.5412492145346026
8.009999999999705, -2.543255521945285
8.019999999999705, -2.545260528194051
8.029999999999704, -2.5472642364959666
8.039999999999704, -2.549266646871342
8.049999999999704, -2.551267762577588
8.059999999999704, -2.553267583673421
8.069999999999704, -2.5552661128134906
8.079999999999703, -2.557263353320095
8.089999999999703, -2.559259305310948
8.099999999999703, -2.5612539705350614
8.109999999999703, -2.5632473494684715
8.119999999999703, -2.5652394468084028
8.129999999999702, -2.567230261453908
8.139999999999702, -2.569219797497659
8.149999999999702, -2.57120805484561
8.159999999999702, -2.5731950356880615
8.169999999999702, -2.5751807415870003
8.179999999999701, -2.5771651767196593
8.189999999999701, -2.5791483374944058
8.1999999999997, -2.5811302310488773
8.2099999999997, -2.5831108554490365
8.2199999999997, -2.5850902136507874
8.2299999999997, -2.5870683083061925
8.2399999999997, -2.589045139482745
8.2499999999997, -2.5910207095437983
8.2599999999997, -2.592995019894569
8.2699999999997, -2.5949680739154366
8.2799999999997, -2.596939870438993
8.289999999999699, -2.5989104128820752
8.299999999999699, -2.600879701742426
8.309999999999699, -2.602847740802962
8.319999999999698, -2.6048145289617954
8.329999999999698, -2.6067800700389188
8.339999999999698, -2.6087443659117286
8.349999999999698, -2.6107074161816994
8.359999999999697, -2.6126692237423486
8.369999999999697, -2.6146297908513016
8.379999999999697, -2.6165891184718477
8.389999999999697, -2.6185472069261335
8.399999999999697, -2.6205040614803057
8.409999999999696, -2.622459680191504
8.419999999999696, -2.624414065074113
8.429999999999696, -2.6263672191479657
8.439999999999696, -2.628319144794147
8.449999999999696, -2.6302698407870393
8.459999999999695, -2.6322193108576517
8.469999999999695, -2.634167556118915
8.479999999999695, -2.6361145790196785
8.489999999999695, -2.638060378063625
8.499999999999694, -2.6400049606868543
8.509999999999694, -2.6419483214590356
8.519999999999694, -2.6438904678533377
8.529999999999694, -2.645831397772461
8.539999999999694, -2.6477711140951334
8.549999999999693, -2.6497096193875596
8.559999999999693, -2.651646913581548
8.569999999999693, -2.6535829996068654
8.579999999999693, -2.655517878088574
8.589999999999693, -2.6574515503295975
8.599999999999692, -2.659384020306193
8.609999999999692, -2.661315286696028
8.619999999999692, -2.6632453538409186
8.629999999999692, -2.6651742191149075
8.639999999999691, -2.667101889888327
8.649999999999691, -2.6690283615649437
8.659999999999691, -2.6709536388844812
8.66999999999969, -2.672877725608053
8.67999999999969, -2.674800620510909
8.68999999999969, -2.676722323712942
8.69999999999969, -2.6786428393547608
8.70999999999969, -2.6805621692576698
8.71999999999969, -2.682480313920693
8.72999999999969, -2.6843972735207893
8.73999999999969, -2.6863130532683464
8.74999999999969, -2.688227649687387
8.759999999999689, -2.690141068689495
8.769999999999689, -2.6920533105097992
8.779999999999688, -2.6939643770725166
8.789999999999688, -2.6958742683031107
8.799999999999688, -2.6977829854813082
8.809999999999688, -2.699690532588614
8.819999999999688, -2.701596908919284
8.829999999999687, -2.70350211848603
8.839999999999687, -2.7054061626285386
8.849999999999687, -2.7073090396697412
8.859999999999687, -2.70921075231931
8.869999999999687, -2.7111113043144233
8.879999999999686, -2.71301069502668
8.889999999999686, -2.7149089268736164
8.899999999999686, -2.7168060019507423
8.909999999999686, -2.7187019183153973
8.919999999999686, -2.720596683493233
8.929999999999685, -2.722490292526206
8.939999999999685, -2.724382751281075
8.949999999999685, -2.7262740605702938
8.959999999999685, -2.728164220202388
8.969999999999684, -2.7300532337223578
8.979999999999684, -2.7319410989302924
8.989999999999684, -2.7338278224493124
8.999999999999684, -2.735713402104198
9.009999999999684, -2.7375978421753286
9.019999999999683, -2.7394811394895306
9.029999999999683, -2.7413633007318086
9.039999999999683, -2.7432443241108535
9.049999999999683, -2.7451242139644108
9.059999999999683, -2.7470029681824943
9.069999999999682, -2.748880589427595
9.079999999999682, -2.7507570827619143
9.089999999999682, -2.7526324440647776
9.099999999999682, -2.754506678765111
9.109999999999681, -2.756379784806308
9.119999999999681, -2.758251768329512
9.129999999999681, -2.7601226252520403
9.13999999999968, -2.7619923634515224
9.14999999999968, -2.7638609774982466
9.15999999999968, -2.765728473589877
9.16999999999968, -2.767594852812734
9.17999999999968, -2.769460112498563
9.18999999999968, -2.7713242602589
9.19999999999968, -2.773187294133912
9.20999999999968, -2.7750492138833467
9.21999999999968, -2.776910024764063
9.229999999999679, -2.778769725531453
9.239999999999679, -2.7806283183811304
9.249999999999678, -2.782485805178398
9.259999999999678, -2.7843421833330058
9.269999999999678, -2.786197462637728
9.279999999999678, -2.788051637775716
9.289999999999678, -2.78990471065678
9.299999999999677, -2.791756685958096
9.309999999999677, -2.793607563206606
9.319999999999677, -2.795457342626393
9.329999999999677, -2.797306028588944
9.339999999999677, -2.7991536185821744
9.349999999999676, -2.8010001183823583
9.359999999999676, -2.8028455254967435
9.369999999999676, -2.804689842619122
9.379999999999676, -2.806533071765486
9.389999999999675, -2.80837521496406
9.399999999999675, -2.8102162728712132
9.409999999999675, -2.8120562451143263
9.419999999999675, -2.813895134791802
9.429999999999675, -2.815732942937101
9.439999999999674, -2.8175696733672226
9.449999999999674, -2.8194053219373023
9.459999999999674, -2.8212398949127673
9.469999999999674, -2.823073391982849
9.479999999999674, -2.8249058135388943
9.489999999999673, -2.8267371620659327
9.499999999999673, -2.82856743832338
9.509999999999673, -2.8303966448190847
9.519999999999673, -2.8322247833775385
9.529999999999673, -2.8340518523531277
9.539999999999672, -2.8358778563744043
9.549999999999672, -2.8377027927686465
9.559999999999672, -2.8395266661870195
9.569999999999672, -2.8413494778092074
9.579999999999671, -2.843171228475829
9.589999999999671, -2.8449919179893963
9.599999999999671, -2.8468115513987096
9.60999999999967, -2.848630127130323
9.61999999999967, -2.8504476478105243
9.62999999999967, -2.852264111531209
9.63999999999967, -2.854079524086287
9.64999999999967, -2.8558938828860687
9.65999999999967, -2.857707193749075
9.66999999999967, -2.8595194537521054
9.67999999999967, -2.861330668036623
9.689999999999669, -2.863140832291646
9.699999999999669, -2.8649499530825646
9.709999999999669, -2.8667580296223907
9.719999999999668, -2.868565064992986
9.729999999999668, -2.8703710570188194
9.739999999999668, -2.8721760102061626
9.749999999999668, -2.8739799241532964
9.759999999999668, -2.8757828012794437
9.769999999999667, -2.8775846397915195
9.779999999999667, -2.8793854488164925
9.789999999999667, -2.88118521918542
9.799999999999667, -2.882983959342502
9.809999999999667, -2.88478166858617
9.819999999999666, -2.8865783479843485
9.829999999999666, -2.8883739993196125
9.839999999999666, -2.890168622266085
9.849999999999666, -2.8919622200365245
9.859999999999665, -2.893754794796018
9.869999999999665, -2.8955463444776477
9.879999999999665, -2.89733687373802
9.889999999999665, -2.8991263812330113
9.899999999999665, -2.900914869517025
9.909999999999664, -2.9027023376138725
9.919999999999664, -2.9044887895129152
9.929999999999664, -2.906274225672265
9.939999999999664, -2.908058649749189
9.949999999999664, -2.9098420586727487
9.959999999999663, -2.9116244554073383
9.969999999999663, -2.913405841153489
9.979999999999663, -2.9151862178308128
9.989999999999663, -2.916965588079536
9.999999999999662, -2.9187439495728738
